{"branches": 95.45454545454545, "coverage": 98.7864077669903}