{"branches": 96.7741935483871, "coverage": 99.11971830985915}